Name,Time
RD,11:03:46nRD,
11:03:46nRD,11:03:49nRD,11:03:49nRD,11:03:54nRD,11:03:54nRD,11:34:51nRD,11:34:51nRD,11:34:52nRD,11:34:52nRD,11:34:53nRD,11:34:53nRD,11:34:53nRD,11:34:53nRD,11:34:54nRD,11:34:54nRD,11:34:54nRD,11:34:54nRD,11:34:54nRD,11:34:54nRD,11:34:55nRD,11:34:55nRD,11:34:55nRD,11:34:55nRD,11:34:55nRD,11:34:55nRD,11:34:56nRD,11:34:56nRD,11:34:56nRD,11:34:56nRD,11:34:56nRD,11:34:56nRD,11:34:57nRD,11:34:57nRD,11:34:57nRD,11:34:57nRD,11:34:57nRD,11:34:57nRD,11:34:58nRD,11:34:58nRD,11:34:59nRD,11:34:59nRD,11:34:59nRD,11:34:59nRD,11:34:59nRD,11:34:59nRD,11:35:00nRD,11:35:00nRD,11:35:00nRD,11:35:00nRD,11:35:00nRD,11:35:00nRD,11:35:01nRD,11:35:01nRD,11:35:01nRD,11:35:01nRD,11:35:01nRD,11:35:01nRD,11:35:02nRD,11:35:02nRD,11:35:02nRD,11:35:02nRD,11:35:02nRD,11:35:02nRD,11:35:03nRD,11:35:03nRD,11:35:03nRD,11:35:03nRD,11:35:03nRD,11:35:03nRD,11:35:04nRD,11:35:04nRD,11:35:04nRD,11:35:04nRD,11:35:04nRD,11:35:04nRD,11:35:05nRD,11:35:05nRD,11:35:05nRD,11:35:05nRD,11:35:06nRD,11:35:06nRD,11:35:06nRD,11:35:06nRD,11:35:06nRD,11:35:06nRD,11:35:07nRD,11:35:07nRD,11:35:07nRD,11:35:07nRD,11:35:07nRD,11:35:07nRD,11:35:08nRD,11:35:08nRD,11:35:08nRD,11:35:08nRD,11:35:08nRD,11:35:08nRD,11:35:09nRD,11:35:09nRD,11:35:09nRD,11:35:09nRD,11:35:09nRD,11:35:09nRD,11:35:10nRD,11:35:10nRD,11:35:10nRD,11:35:10nRD,11:35:34nRD,11:35:34nRD,11:35:34nRD,11:35:34nRD,11:35:35nRD,11:35:35nRD,11:35:35nRD,11:35:35nRD,11:35:35nRD,11:35:35nRD,11:35:36nRD,11:35:36nRD,11:35:36nRD,11:35:36nRD,11:35:36nRD,11:35:36nRD,11:35:41nRD,11:35:41nRD,11:35:41nRD,11:35:41nRD,11:35:42nRD,11:35:42nRD,11:35:42nRD,11:35:42nRD,11:35:43nRD,11:35:43nRD,11:35:44nRD,11:35:44nRD,11:35:45nRD,11:35:45nRD,11:35:45nRD,11:35:45nRD,11:35:45nRD,11:35:45nRD,11:35:46nRD,11:35:46nRD,11:35:46nRD,11:35:46nRD,11:35:46nRD,11:35:46nRD,11:35:47nRD,11:35:47nRD,11:35:51nRD,11:35:51nRD,11:35:51nRD,11:35:51nRD,11:35:52nRD,11:35:52nRD,11:35:52nRD,11:35:52nRD,11:35:52nRD,11:35:52nRD,11:35:53nRD,11:35:53nRD,11:35:53nRD,11:35:53nRD,11:35:53nRD,11:35:53nRD,11:35:54nRD,11:35:54nRD,11:35:54nRD,11:35:54nRD,11:35:54nRD,11:35:54nRD,11:35:59nRD,11:35:59nRD,11:36:00nRD,11:36:00nRD,11:36:00nRD,11:36:00nRD,11:36:00nRD,11:36:00nRD,11:36:01nRD,11:36:01nRD,11:36:01nRD,11:36:01nRD,11:36:01nRD,11:36:01nRD,11:36:02nRD,11:36:02nRD,11:36:02nRD,11:36:02nRD,11:36:03nRD,11:36:03nRD,11:36:03nRD,11:36:03nRD,11:36:04nRD,11:36:04nRD,11:36:04nRD,11:36:04nRD,11:36:04nRD,11:36:04nRD,11:36:05nRD,11:36:05nRD,11:36:05nRD,11:36:05nRD,11:36:06nRD,11:36:06nRD,11:36:06nRD,11:36:06nRD,11:36:06nRD,11:36:06nRD,11:36:07nRD,11:36:07nRD,11:36:07nRD,11:36:07nRD,11:36:07nRD,11:36:07nRD,11:36:08nRD,11:36:08nRD,11:36:08nRD,11:36:08nRD,11:36:08nRD,11:36:08nRD,11:36:09nRD,11:36:09nRD,11:36:09nRD,11:36:09nRD,11:36:13nRD,11:36:13nRD,11:36:13nRD,11:36:13nRD,11:36:13nRD,11:36:13nRD,11:36:14nRD,11:36:14nRD,11:36:14nRD,11:36:14nRD,11:36:15nRD,11:36:15nRD,11:36:15nRD,11:36:15nRD,11:36:15nRD,11:36:15nRD,11:36:16nRD,11:36:16nRD,11:36:16nRD,11:36:16nRD,11:36:16nRD,11:36:16nRD,11:36:17nRD,11:36:17nRD,11:36:17nRD,11:36:17nRD,11:36:17nRD,11:36:17nRD,11:36:18nRD,11:36:18nRD,11:36:18nRD,11:36:18nRD,11:36:18nRD,11:36:18nRD,11:36:19nRD,11:36:19nRD,11:36:19nRD,11:36:19nRD,11:36:19nRD,11:36:19nRD,11:36:20nRD,11:36:20nRD,11:36:20nRD,11:36:20nRD,11:36:20nRD,11:36:20nLD,11:36:47nLD,11:36:47nLD,11:36:48nLD,11:36:48nLD,11:36:48nLD,11:36:48nLD,11:36:48nLD,11:36:48nLD,11:36:49nLD,11:36:49nLD,11:36:49nLD,11:36:49nLD,11:36:49nLD,11:36:49nLD,11:36:50nLD,11:36:50nLD,11:36:50nLD,11:36:50nLD,11:36:50nLD,11:36:50nLD,11:36:51nLD,11:36:51nLD,11:36:58nLD,11:36:58nLD,11:36:59nLD,11:36:59nLD,11:36:59nLD,11:36:59nLD,11:37:01nLD,11:37:01nLD,11:37:01nLD,11:37:01nLD,11:37:02nLD,11:37:02nLD,11:37:02nLD,11:37:02nLD,11:37:03nLD,11:37:03nLD,11:37:03nLD,11:37:03nJD,11:46:37nJD,11:46:37nJD,11:46:37nJD,11:46:37nJD,11:46:38nJD,11:46:38nJD,11:46:38nJD,11:46:38nJD,11:46:38nJD,11:46:38nJD,11:46:39nJD,11:46:39nJD,11:46:39nJD,11:46:39nJD,11:46:39nJD,11:46:39nJD,11:46:40nJD,11:46:40nJD,11:46:40nJD,11:46:40nJD,11:46:40nJD,11:46:40
JD,11:51:46nJD,11:51:46
LD,11:52:57nLD,11:52:57
NAVYA,12:01:41nNAVYA,12:01:41
MODI,13:17:37nMODI,13:17:37
KTR,13:17:46nKTR,13:17:46
NAVADEEP,13:21:44nNAVADEEP,13:21:44
BHUVANESHVARI,10:47:14
BHUVANESHVARI,10:47:14
BUGGESH,10:49:35
BUGGESH,10:49:35
SHALINI,10:51:00
SHALINI,10:51:00